-- INSERT INTO category (id, name, description, active) VALUES (1, 'Smartphone', 'Điện thoại thông minh', 1);
-- INSERT INTO category (id, name, description, active) VALUES (2, 'Tablet', 'Máy tính bảng', 1);
-- INSERT INTO category (id, name, description, active) VALUES (3, 'Laptop', 'Máy tính xách tay', 1);
-- INSERT INTO category (id, name, description, active) VALUES (4, 'Accessory', 'Phụ kiện điện thoại', 1);
-- INSERT INTO category (id, name, description, active) VALUES (5, 'Smartwatch', 'Đồng hồ thông minh', 1);
-- INSERT INTO category (id, name, description, active) VALUES (6, 'Camera', 'Máy ảnh kỹ thuật số', 1);

-- INSERT INTO product (id, name, description, price, color, image, trademark, active, category_id) VALUES (1, 'iPhone 13 Pro Max', 'Máy tính bảng', 2999, 'Đen', 'iphone13promax.jpg', 'Apple', 1, 1);
-- INSERT INTO product (id, name, description, price, color, image, trademark, active, category_id) VALUES (2, 'Samsung Galaxy Z Flip 3', 'Điện thoại thông minh', 1499, 'Hồng', 'galaxyzflip3.jpg', 'Samsung', 1, 1);
-- INSERT INTO product (id, name, description, price, color, image, trademark, active, category_id) VALUES (3, 'iPad Air 4', 'Máy tính bảng', 799, 'Xám', 'ipadair4.jpg', 'Apple', 1, 2);
-- INSERT INTO product (id, name, description, price, color, image, trademark, active, category_id) VALUES (4, 'Samsung Galaxy Tab S7 FE', 'Máy tính bảng', 649, 'Bạc', 'galaxytabs7fe.jpg', 'Samsung', 1, 2);
-- INSERT INTO product (id, name, description, price, color, image, trademark, active, category_id) VALUES (5, 'MacBook Air M1', 'Máy tính xách tay', 1299, 'Bạc', 'macbookairm1.jpg', 'Apple', 1, 3);
-- INSERT INTO product (id, name, description, price, color, image, trademark, active, category_id) VALUES (6, 'Dell XPS 13', 'Máy tính xách tay', 1099, 'Xanh', 'dellxps13.jpg', 'Dell', 1, 3);
-- INSERT INTO product (id, name, description, price, color, image, trademark, active, category_id) VALUES (7, 'AirPods Pro', 'Phụ kiện điện thoại', 249, 'Trắng', 'airpodspro.jpg', 'Apple', 1, 4);
-- INSERT INTO product (id, name, description, price, color, image, trademark, active, category_id) VALUES (8, 'Samsung Galaxy Buds Pro', 'Phụ kiện điện thoại', 199, 'Đen', 'galaxybudspro.jpg', 'Samsung', 1, 4);
-- INSERT INTO product (id, name, description, price, color, image, trademark, active, category_id) VALUES (9, 'Apple Watch Series 7', 'Đồng hồ thông minh', 399, 'Đỏ', 'applewatchseries7.jpg', 'Apple', 1, 5);
-- INSERT INTO product (id, name, description, price, color, image, trademark, active, category_id) VALUES (10, 'Samsung Galaxy Watch 4 Classic', 'Đồng hồ thông minh', 349, 'Bạc', 'galaxywatch4classic.jpg', 'Samsung', 1, 5);
-- INSERT INTO product (id, name, description, price, color, image, trademark, active, category_id) VALUES (11, 'Sony A7 III', 'Máy ảnh kỹ thuật số', 1999, 'Đen', 'sonya7iii.jpg', 'Sony', 1, 6);
-- INSERT INTO product (id, name, description, price, color, image, trademark, active, category_id) VALUES (12, 'Nikon Z6 II', 'Máy ảnh kỹ thuật số', 1799, 'Đen', 'nikonz6ii.jpg', 'Nikon', 1, 6);
-- INSERT INTO product (id, name, description, price, color, image, trademark, active, category_id) VALUES (13, 'OnePlus 10 Pro', 'Điện thoại thông minh', 999, 'Đen', 'oneplus10pro.jpg', 'OnePlus', 1, 1);
-- INSERT INTO product (id, name, description, price, color, image, trademark, active, category_id) VALUES (14, 'iPad Mini 6', 'Máy tính bảng', 499, 'Xám', 'ipadmini6.jpg', 'Apple', 1, 2);
-- INSERT INTO product (id, name, description, price, color, image, trademark, active, category_id) VALUES (15, 'Lenovo Tab P11 Pro', 'Máy tính bảng', 449, 'Xanh', 'lenovotabp11pro.jpg', 'Lenovo', 1, 2);
-- INSERT INTO product (id, name, description, price, color, image, trademark, active, category_id) VALUES (16, 'MacBook Pro M1', 'Máy tính xách tay', 1499, 'Bạc', 'macbookprom1.jpg', 'Apple', 1, 3);
-- INSERT INTO product (id, name, description, price, color, image, trademark, active, category_id) VALUES (17, 'HP Envy 13', 'Máy tính xách tay', 899, 'Bạc', 'hpenvy13.jpg', 'HP', 1, 3);
-- INSERT INTO product (id, name, description, price, color, image, trademark, active, category_id) VALUES (18, 'Apple Pencil (2nd generation)', 'Phụ kiện điện thoại', 129, 'Trắng', 'applepencil2ndgen.jpg', 'Apple', 1, 4);
-- INSERT INTO product (id, name, description, price, color, image, trademark, active, category_id) VALUES (19, 'Samsung Galaxy S21 Buds Pro', 'Phụ kiện điện thoại', 199, 'Bạc', 'galaxys21budspro.jpg', 'Samsung', 1, 4);
-- INSERT INTO product (id, name, description, price, color, image, trademark, active, category_id) VALUES (20, 'Fitbit Versa 3', 'Đồng hồ thông minh', 229, 'Đen', 'fitbitversa3.jpg', 'Fitbit', 1, 5);
-- INSERT INTO product (id, name, description, price, color, image, trademark, active, category_id) VALUES (21, 'Garmin Venu 2', 'Đồng hồ thông minh', 399, 'Bạc', 'garminvenu2.jpg', 'Garmin', 1, 5);

-- INSERT INTO user (id, name, username, password, email, phone, address, active) VALUES (1, 'Nguyễn Văn A', 'nguyenvana', '123456', 'nguyenvana@gmail.com', '0987654321', 'Số 1 đường ABC, Quận XYZ, Thành phố HCM', 1);
-- INSERT INTO user (id, name, username, password, email, phone, address, active) VALUES (2, 'Trần Thị B', 'tranthib', 'abcdef', 'tranthib@gmail.com', '0123456789', 'Số 2 đường DEF, Quận MNO, Thành phố Hà Nội', 1);
-- INSERT INTO user (id, name, username, password, email, phone, address, active) VALUES (3, 'Lê Văn C', 'levanc', 'xyz123', 'levanc@gmail.com', '0909090909', 'Số 3 đường GHI, Quận KLM, Thành phố Đà Nẵng', 1);
-- INSERT INTO user (id, name, username, password, email, phone, address, active) VALUES (4, 'Phạm Thị D', 'phamthid', 'abcxyz', 'phamthid@gmail.com', '0987654321', 'Số 4 đường JKL, Quận PQR, Thành phố HCM', 1);
-- INSERT INTO user (id, name, username, password, email, phone, address, active) VALUES (5, 'Nguyễn Văn E', 'nguyenvane', '123abc', 'nguyenvane@gmail.com', '0123456789', 'Số 5 đường MNO, Quận STU, Thành phố Hà Nội', 1);
-- INSERT INTO user (id, name, username, password, email, phone, address, active) VALUES (6, 'Trần Thị F', 'tranthif', 'xyz789', 'tranthif@gmail.com', '0909090909', 'Số 6 đường PQR, Quận VWX, Thành phố Đà Nẵng', 1);
-- INSERT INTO user (id, name, username, password, email, phone, address, active) VALUES (7, 'Lê Văn G', 'levang', '123xyz', 'levang@gmail.com', '0987654321', 'Số 7 đường STU, Quận YZ, Thành phố HCM', 1);
-- INSERT INTO user (id, name, username, password, email, phone, address, active) VALUES (8, 'Phạm Thị H', 'phamthih', 'abc789', 'phamthih@gmail.com', '0123456789', 'Số 8 đường VWX, Quận AB, Thành phố Hà Nội', 1);
-- INSERT INTO user (id, name, username, password, email, phone, address, active) VALUES (9, 'Nguyễn Văn I', 'nguyenvani', '123abcxyz', 'nguyenvani@gmail.com', '0909090909', 'Số 9 đường YZ, Quận CD, Thành phố Đà Nẵng', 1);
-- INSERT INTO user (id, name, username, password, email, phone, address, active) VALUES (10, 'Trần Thị K', 'tranthik', 'xyz789abc', 'tranthik@gmail.com', '0987654321', 'Số 10 đường AB, Quận EF, Thành phố HCM', 1);

-- INSERT INTO cart (id, quantity, product_id, user_id) VALUES (1, 2, 1, 1);
-- INSERT INTO cart (id, quantity, product_id, user_id) VALUES (2, 1, 3, 2);
-- INSERT INTO cart (id, quantity, product_id, user_id) VALUES (3, 3, 2, 3);
-- INSERT INTO cart (id, quantity, product_id, user_id) VALUES (4, 1, 4, 4);
-- INSERT INTO cart (id, quantity, product_id, user_id) VALUES (5, 2, 5, 5);
-- INSERT INTO cart (id, quantity, product_id, user_id) VALUES (6, 1, 6, 6);
-- INSERT INTO cart (id, quantity, product_id, user_id) VALUES (7, 2, 7, 7);
-- INSERT INTO cart (id, quantity, product_id, user_id) VALUES (8, 1, 9, 8);
-- INSERT INTO cart (id, quantity, product_id, user_id) VALUES (9, 1, 10, 9);
-- INSERT INTO cart (id, quantity, product_id, user_id) VALUES (10, 1, 11, 10);
-- INSERT INTO cart (id, quantity, product_id, user_id) VALUES (11, 2, 1, 2);
-- INSERT INTO cart (id, quantity, product_id, user_id) VALUES (12, 1, 3, 3);
-- INSERT INTO cart (id, quantity, product_id, user_id) VALUES (13, 3, 2, 4);
-- INSERT INTO cart (id, quantity, product_id, user_id) VALUES (14, 1, 4, 5);
-- INSERT INTO cart (id, quantity, product_id, user_id) VALUES (15, 2, 5, 6);
-- INSERT INTO cart (id, quantity, product_id, user_id) VALUES (16, 1, 6, 7);
-- INSERT INTO cart (id, quantity, product_id, user_id) VALUES (17, 2, 7, 8);
-- INSERT INTO cart (id, quantity, product_id, user_id) VALUES (18, 1, 9, 9);
-- INSERT INTO cart (id, quantity, product_id, user_id) VALUES (19, 1, 10, 10);
-- INSERT INTO cart (id, quantity, product_id, user_id) VALUES (20, 1, 11, 1);
-- INSERT INTO cart (id, quantity, product_id, user_id) VALUES (21, 2, 1, 3);
-- INSERT INTO cart (id, quantity, product_id, user_id) VALUES (22, 1, 3, 4);
-- INSERT INTO cart (id, quantity, product_id, user_id) VALUES (23, 3, 2, 5);
-- INSERT INTO cart (id, quantity, product_id, user_id) VALUES (24, 1, 4, 6);
-- INSERT INTO cart (id, quantity, product_id, user_id) VALUES (25, 2, 5, 7);
-- INSERT INTO cart (id, quantity, product_id, user_id) VALUES (26, 1, 6, 8);
-- INSERT INTO cart (id, quantity, product_id, user_id) VALUES (27, 2, 7, 9);
-- INSERT INTO cart (id, quantity, product_id, user_id) VALUES (28, 1, 9, 10);
-- INSERT INTO cart (id, quantity, product_id, user_id) VALUES (29, 1, 10, 1);
-- INSERT INTO cart (id, quantity, product_id, user_id) VALUES (30, 1, 11, 2);